{"type": "metrics", "dataset": "train", "precision": 0.9958566902266635, "balanced_accuracy": 0.9318571663321478, "recall": 0.8647619047619047, "f1_score": 0.9256909832351609}
{"type": "metrics", "dataset": "test", "precision": 0.6609145815358067, "balanced_accuracy": 0.6731626810733634, "recall": 0.4018887722980063, "f1_score": 0.499836867862969}
{"type": "cm_matrix", "dataset": "train", "true_0": {"predicted_0": 16211, "predicted_1": 17}, "true_1": {"predicted_0": 639, "predicted_1": 4086}}
{"type": "cm_matrix", "dataset": "test", "true_0": {"predicted_0": 6680, "predicted_1": 393}, "true_1": {"predicted_0": 1140, "predicted_1": 766}}
